month,payment_type,num_payments,total_value
2016-10,credit_card,209,37974.67
2016-10,boleto,51,7631.78
2016-10,voucher,20,718.53
2016-10,debit_card,2,241.73
2016-12,credit_card,1,19.62
2017-01,credit_card,542,100140.58
2017-01,boleto,188,22638.28
2017-01,voucher,60,4023.28
2017-01,debit_card,9,743.53
2017-02,credit_card,1257,210374.27
2017-02,boleto,371,54271.4
2017-02,voucher,108,5142.66
2017-02,debit_card,13,1510.32
2017-03,credit_card,1908,325372.04
2017-03,boleto,565,75995
2017-03,voucher,197,9492.03
2017-03,debit_card,30,3510.32
2017-04,credit_card,1772,306427.77
2017-04,boleto,474,71175.04
2017-04,voucher,165,10691.66
2017-04,debit_card,25,2657.71
2017-05,credit_card,2733,423485.87
2017-05,boleto,740,124667.97
2017-05,voucher,285,16062.1
2017-05,debit_card,29,2850.79
2017-06,credit_card,2373,370027
2017-06,boleto,689,105218.48
2017-06,voucher,235,12598.73
2017-06,debit_card,26,2381.39
2017-07,credit_card,2974,435670.19
2017-07,boleto,811,111713.18
2017-07,voucher,342,17029.61
2017-07,debit_card,20,1990.95
2017-08,credit_card,3186,501101.66
2017-08,boleto,902,127529.25
2017-08,voucher,272,14301.75
2017-08,debit_card,33,3067.95
2017-09,credit_card,3183,552678.26
2017-09,boleto,868,126486.97
2017-09,voucher,277,17314.4
2017-09,debit_card,43,4690.36
2017-10,credit_card,3416,592408.1
2017-10,boleto,955,134803.57
2017-10,voucher,276,18198.66
2017-10,debit_card,51,5729.94
2017-11,credit_card,5716,914169.33
2017-11,boleto,1445,214769.36
2017-11,voucher,367,18667.46
2017-11,debit_card,65,5921.9
2017-12,credit_card,4245,654398.92
2017-12,boleto,1134,160757.89
2017-12,voucher,288,21139.53
2017-12,debit_card,62,6902.83
2018-01,credit_card,5368,840477.56
2018-01,boleto,1473,198054.69
2018-01,voucher,401,28531.06
2018-01,debit_card,109,11543.55
2018-02,credit_card,5114,758559.66
2018-02,boleto,1294,178793.8
2018-02,voucher,300,21712.67
2018-02,debit_card,68,7444.75
2018-03,credit_card,5526,901397.72
2018-03,boleto,1316,186542.63
2018-03,voucher,381,25188.6
2018-03,debit_card,74,7549.05
2018-04,credit_card,5341,910311.49
2018-04,boleto,1265,190568.3
2018-04,voucher,367,21679.1
2018-04,debit_card,94,10375.06
2018-05,credit_card,5398,906987.1
2018-05,boleto,1242,192052.03
2018-05,voucher,313,20347.7
2018-05,debit_card,49,9449.86
2018-06,credit_card,4760,801289.55
2018-06,boleto,1089,152040.83
2018-06,debit_card,180,35605.44
2018-06,voucher,321,23154.86
2018-07,credit_card,4660,775887.27
2018-07,boleto,1200,193413.41
2018-07,debit_card,234,38863.17
2018-07,voucher,276,19740.01
2018-08,credit_card,4904,781936.25
2018-08,boleto,1119,140808.72
2018-08,debit_card,270,45390.52
2018-08,voucher,242,17278.79
