month,category,category_revenue,category_rank
2016-09,beleza_saude,134.97,1
2016-10,moveis_decoracao,5690.52,1
2016-10,perfumaria,4829.1,2
2016-10,brinquedos,4106.5,3
2016-12,fashion_bolsas_e_acessorios,10.9,1
2017-01,moveis_decoracao,13036.63,1
2017-01,beleza_saude,12366.44,2
2017-01,esporte_lazer,9212.14,3
2017-02,beleza_saude,22059.92,1
2017-02,moveis_decoracao,19926.41,2
2017-02,esporte_lazer,15629.98,3
2017-03,informatica_acessorios,28078.8,1
2017-03,beleza_saude,25652.45,2
2017-03,esporte_lazer,25472.89,3
2017-04,cama_mesa_banho,24092.89,1
2017-04,relogios_presentes,23336.09,2
2017-04,eletroportateis,23114.98,3
2017-05,beleza_saude,46340.06,1
2017-05,informatica_acessorios,44759.39,2
2017-05,relogios_presentes,36619.48,3
2017-06,cool_stuff,38109.61,1
2017-06,informatica_acessorios,36193.7,2
2017-06,cama_mesa_banho,33803.23,3
2017-07,cama_mesa_banho,62786.96,1
2017-07,informatica_acessorios,38176.22,2
2017-07,cool_stuff,36653.46,3
2017-08,cama_mesa_banho,56580.63,1
2017-08,beleza_saude,49030.23,2
2017-08,esporte_lazer,40624.77,3
2017-09,cama_mesa_banho,52105.61,1
2017-09,pcs,51228.89,2
2017-09,beleza_saude,50649.16,3
2017-10,relogios_presentes,64874.63,1
2017-10,esporte_lazer,48568.98,2
2017-10,cama_mesa_banho,46007.7,3
2017-11,relogios_presentes,95292.34,1
2017-11,cama_mesa_banho,87957.63,2
2017-11,beleza_saude,78274.4,3
2017-12,relogios_presentes,69556.92,1
2017-12,beleza_saude,60688.75,2
2017-12,esporte_lazer,58722.48,3
2018-01,esporte_lazer,86172.83,1
2018-01,informatica_acessorios,80503.87,2
2018-01,cama_mesa_banho,75408.13,3
2018-02,informatica_acessorios,100131.99,1
2018-02,beleza_saude,84576.55,2
2018-02,esporte_lazer,74540.95,3
2018-03,relogios_presentes,95661.18,1
2018-03,informatica_acessorios,84708.39,2
2018-03,beleza_saude,84488.57,3
2018-04,beleza_saude,91058.45,1
2018-04,relogios_presentes,88623.07,2
2018-04,cama_mesa_banho,71379.61,3
2018-05,relogios_presentes,119364.98,1
2018-05,beleza_saude,94534.38,2
2018-05,cama_mesa_banho,71265.07,3
2018-06,beleza_saude,106745.72,1
2018-06,relogios_presentes,85027.57,2
2018-06,cama_mesa_banho,70857.08,3
2018-07,beleza_saude,103524.22,1
2018-07,relogios_presentes,95164.79,2
2018-07,utilidades_domesticas,62583.3,3
2018-08,beleza_saude,119391.01,1
2018-08,relogios_presentes,69767.06,2
2018-08,cama_mesa_banho,60891.09,3
