Month,Total_revenue,prev_month_revenue,growth-pct
2016-09,134.97,null,null
2016-10,40325.11,134.97,29777.09
2016-12,10.9,40325.11,-99.97
2017-01,111798.36,10.9,1025573.03
2017-02,234223.4,111798.36,109.51
2017-03,359198.85,234223.4,53.36
2017-04,340669.68,359198.85,-5.16
2017-05,489338.25,340669.68,43.64
2017-06,421923.37,489338.25,-13.78
2017-07,481604.52,421923.37,14.15
2017-08,554699.7,481604.52,15.18
2017-09,607399.67,554699.7,9.5
2017-10,648247.65,607399.67,6.73
2017-11,987765.37,648247.65,52.37
2017-12,726033.19,987765.37,-26.5
2018-01,924645,726033.19,27.36
2018-02,826437.13,924645,-10.62
2018-03,953356.25,826437.13,15.36
2018-04,973534.09,953356.25,2.12
2018-05,977544.69,973534.09,0.41
2018-06,856077.86,977544.69,-12.43
2018-07,867953.46,856077.86,1.39
2018-08,838576.64,867953.46,-3.38
